DATE,CP
1947-01-01,21.97
1947-04-01,20.788
1947-07-01,20.564
1947-10-01,22.451
1948-01-01,23.739
1948-04-01,24.941
1948-07-01,24.551
1948-10-01,23.76
1949-01-01,21.683
1949-04-01,19.172
1949-07-01,19.816
1949-10-01,19.457
1950-01-01,20.037
1950-04-01,23.815
1950-07-01,28.777
1950-10-01,31.581
1951-01-01,26.345
1951-04-01,22.589
1951-07-01,20.778
1951-10-01,22.592
1952-01-01,22.062
1952-04-01,21.295
1952-07-01,21.59
1952-10-01,23.752
1953-01-01,24.609
1953-04-01,24.658
1953-07-01,24.201
1953-10-01,19.351
1954-01-01,21.923
1954-04-01,22.529
1954-07-01,23.813
1954-10-01,25.515
1955-01-01,28.583
1955-04-01,29.064
1955-07-01,29.843
1955-10-01,31.115
1956-01-01,30.601
1956-04-01,31.446
1956-07-01,30.211
1956-10-01,31.879
1957-01-01,32.174
1957-04-01,30.883
1957-07-01,30.274
1957-10-01,27.922
1958-01-01,24.236
1958-04-01,24.6
1958-07-01,27.064
1958-10-01,30.458
1959-01-01,32.706
1959-04-01,35.446
1959-07-01,32.441
1959-10-01,31.96
1960-01-01,34.614
1960-04-01,32.312
1960-07-01,31.023
1960-10-01,29.922
1961-01-01,29.223
1961-04-01,30.671
1961-07-01,32.317
1961-10-01,34.595
1962-01-01,35.196
1962-04-01,35.166
1962-07-01,36.205
1962-10-01,37.066
1963-01-01,36.708
1963-04-01,38.652
1963-07-01,39.653
1963-10-01,40.688
1964-01-01,44.409
1964-04-01,44.397
1964-07-01,45.512
1964-10-01,45.174
1965-01-01,50.699
1965-04-01,52.574
1965-07-01,53.517
1965-10-01,56.577
1966-01-01,58.118
1966-04-01,58.576
1966-07-01,58.397
1966-10-01,57.517
1967-01-01,55.152
1967-04-01,55.258
1967-07-01,56.54
1967-10-01,59.497
1968-01-01,58.82
1968-04-01,60.526
1968-07-01,61.024
1968-10-01,62.599
1969-01-01,61.994
1969-04-01,60.335
1969-07-01,58.634
1969-10-01,57.815
1970-01-01,55.323
1970-04-01,55.194
1970-07-01,56.132
1970-10-01,53.35
1971-01-01,60.152
1971-04-01,62.42
1971-07-01,66.544
1971-10-01,68.735
1972-01-01,72.785
1972-04-01,73.825
1972-07-01,77.004
1972-10-01,83.484
1973-01-01,95.547
1973-04-01,99.033
1973-07-01,101.161
1973-10-01,106.253
1974-01-01,112.656
1974-04-01,115.543
1974-07-01,121.06
1974-10-01,107.908
1975-01-01,94.707
1975-04-01,99.406
1975-07-01,115.831
1975-10-01,124.091
1976-01-01,132.702
1976-04-01,136.551
1976-07-01,138.84
1976-10-01,139.091
1977-01-01,149.831
1977-04-01,158.751
1977-07-01,165.143
1977-10-01,166.231
1978-01-01,171.939
1978-04-01,190.742
1978-07-01,197.659
1978-10-01,209.891
1979-01-01,212.498
1979-04-01,220.901
1979-07-01,225.792
1979-10-01,222.428
1980-01-01,223.244
1980-04-01,194.714
1980-07-01,202.262
1980-10-01,208.875
1981-01-01,213.17
1981-04-01,201.614
1981-07-01,206.868
1981-10-01,203.587
1982-01-01,183.468
1982-04-01,185.364
1982-07-01,180.728
1982-10-01,174.574
1983-01-01,176.17
1983-04-01,195.362
1983-07-01,206.519
1983-10-01,211.822
1984-01-01,220.108
1984-04-01,220.957
1984-07-01,212.293
1984-10-01,213.695
1985-01-01,204.768
1985-04-01,205.85
1985-07-01,209.89
1985-10-01,211.649
1986-01-01,176.84
1986-04-01,172.969
1986-07-01,171.499
1986-10-01,175.984
1987-01-01,187.831
1987-04-01,215.335
1987-07-01,230.169
1987-10-01,239.018
1988-01-01,249.639
1988-04-01,265.179
1988-07-01,264.662
1988-10-01,276.88
1989-01-01,275.1
1989-04-01,268.646
1989-07-01,257.909
1989-10-01,258.272
1990-01-01,268.869
1990-04-01,282.342
1990-07-01,288.2
1990-10-01,289.53
1991-01-01,303.293
1991-04-01,309.454
1991-07-01,314.815
1991-10-01,318.455
1992-01-01,328.586
1992-04-01,340.749
1992-07-01,323.237
1992-10-01,330.015
1993-01-01,328.957
1993-04-01,343.279
1993-07-01,355.933
1993-10-01,375.422
1994-01-01,404.995
1994-04-01,418.333
1994-07-01,439.704
1994-10-01,453.102
1995-01-01,467.603
1995-04-01,491.19
1995-07-01,498.739
1995-10-01,505.677
1996-01-01,524.958
1996-04-01,526.924
1996-07-01,522.644
1996-10-01,534.89
1997-01-01,546.764
1997-04-01,565.264
1997-07-01,587.262
1997-10-01,589.208
1998-01-01,514.609
1998-04-01,512.233
1998-07-01,507.761
1998-10-01,490.487
1999-01-01,523.039
1999-04-01,537.853
1999-07-01,536.775
1999-10-01,556.245
2000-01-01,527.574
2000-04-01,519.811
2000-07-01,513.298
2000-10-01,491.81
2001-01-01,528.836
2001-04-01,551.684
2001-07-01,505.61
2001-10-01,489.453
2002-01-01,538.088
2002-04-01,596.152
2002-07-01,652.139
2002-10-01,725.113
2003-01-01,721.524
2003-04-01,723.377
2003-07-01,763.915
2003-10-01,816.612
2004-01-01,928.229
2004-04-01,967.703
2004-07-01,1010.194
2004-10-01,1010.647
2005-01-01,1228.657
2005-04-01,1252.584
2005-07-01,1296.981
2005-10-01,1363.54
2006-01-01,1387.911
2006-04-01,1425.152
2006-07-01,1444.791
2006-10-01,1398.202
2007-01-01,1325.943
2007-04-01,1400.804
2007-07-01,1345.84
2007-10-01,1368.063
2008-01-01,1260.771
2008-04-01,1285.329
2008-07-01,1226.043
2008-10-01,721.414
2009-01-01,1082.708
2009-04-01,1161.627
2009-07-01,1346.957
2009-10-01,1462.942
2010-01-01,1530.604
2010-04-01,1517.068
2010-07-01,1600.154
2010-10-01,1599.159
2011-01-01,1464.223
2011-04-01,1529.084
2011-07-01,1539.465
2011-10-01,1617.095
2012-01-01,1880.022
2012-04-01,1801.743
2012-07-01,1818.331
2012-10-01,1785.961
2013-01-01,1766.372
2013-04-01,1757.557
2013-07-01,1792.757
2013-10-01,1838.838
2014-01-01,1767.596
2014-04-01,1865.14
2014-07-01,1917.769
2014-10-01,1879.109
2015-01-01,1770.989
2015-04-01,1789.321
2015-07-01,1732.347
2015-10-01,1635.297
2016-01-01,1693.864
2016-04-01,1752.403
2016-07-01,1743.196
2016-10-01,1805.959
2017-01-01,1899.067
2017-04-01,1885.436
2017-07-01,1934.366
2017-10-01,1768.632
2018-01-01,1900.187
2018-04-01,1907.847
2018-07-01,1907.514
2018-10-01,1899.589
2019-01-01,1894.367
2019-04-01,1938.893
2019-07-01,1920.338
2019-10-01,2000.736
2020-01-01,1739.103
2020-04-01,1557.064
2020-07-01,2118.856
2020-10-01,2082.47
